{
  "roc_auc": 0.8711793780339513,
  "pr_auc": 0.7203318623260883,
  "confusion_matrix": [
    [
      4193,
      902
    ],
    [
      313,
      1109
    ]
  ],
  "classification_report": {
    "0": {
      "precision": 0.9305370616955171,
      "recall": 0.822963689892051,
      "f1-score": 0.8734506822206021,
      "support": 5095.0
    },
    "1": {
      "precision": 0.5514669318746892,
      "recall": 0.779887482419128,
      "f1-score": 0.6460821438974658,
      "support": 1422.0
    },
    "accuracy": 0.8135645235537824,
    "macro avg": {
      "precision": 0.7410019967851031,
      "recall": 0.8014255861555895,
      "f1-score": 0.7597664130590339,
      "support": 6517.0
    },
    "weighted avg": {
      "precision": 0.8478245061323411,
      "recall": 0.8135645235537824,
      "f1-score": 0.8238391951106587,
      "support": 6517.0
    }
  },
  "lgd_assumption": 0.45
}